{
  "resourceType" : "Bundle",
  "id" : "5972a7bd-3038-47fb-a5b9-523d68b170db",
  "meta" : {
    "lastUpdated" : "2024-09-11T02:51:28.071+00:00"
  },
  "type" : "collection",
  "entry" : [{
    "fullUrl" : "https://ig.opennz.org/ValueSet/assistance-needs-vs",
    "resource" : {
      "resourceType" : "ValueSet",
      "text" : {
        "status" : "generated",
        "div" : "<div xmlns=\"http://www.w3.org/1999/xhtml\"><p class=\"res-header-id\"><b>Generated Narrative: ValueSet </b></p><p style=\"border: black 1px dotted; background-color: #EEEEEE; padding: 8px; margin-bottom: 8px\">Expansion based on <a href=\"CodeSystem-assistance-needs-cs.html\">codesystem Assistance Code System v0.1.0 (CodeSystem)</a></p><p>This value set contains 6 concepts</p><table class=\"codes\"><tr><td style=\"white-space:nowrap\"><b>Code</b></td><td><b>System</b></td><td><b>Display</b></td></tr><tr><td style=\"white-space:nowrap\"><a name=\"x-https://ig.opennz.org/CodeSystem/assistance-needs-cs-171671000210109\"> </a>\u00a0\u00a0<a href=\"CodeSystem-assistance-needs-cs.html#assistance-needs-cs-171671000210109\">171671000210109</a></td><td>https://ig.opennz.org/CodeSystem/assistance-needs-cs</td><td>A New Zealand Sign Language interpreter</td></tr><tr><td style=\"white-space:nowrap\"><a name=\"x-https://ig.opennz.org/CodeSystem/assistance-needs-cs-133920001\"> </a>\u00a0\u00a0<a href=\"CodeSystem-assistance-needs-cs.html#assistance-needs-cs-133920001\">133920001</a></td><td>https://ig.opennz.org/CodeSystem/assistance-needs-cs</td><td>Support to make decisions</td></tr><tr><td style=\"white-space:nowrap\"><a name=\"x-https://ig.opennz.org/CodeSystem/assistance-needs-cs-amr\"> </a>\u00a0\u00a0<a href=\"CodeSystem-assistance-needs-cs.html#assistance-needs-cs-amr\">amr</a></td><td>https://ig.opennz.org/CodeSystem/assistance-needs-cs</td><td>Assistance to move around</td></tr><tr><td style=\"white-space:nowrap\"><a name=\"x-https://ig.opennz.org/CodeSystem/assistance-needs-cs-lat\"> </a>\u00a0\u00a0<a href=\"CodeSystem-assistance-needs-cs.html#assistance-needs-cs-lat\">lat</a></td><td>https://ig.opennz.org/CodeSystem/assistance-needs-cs</td><td>A longer appointment time</td></tr><tr><td style=\"white-space:nowrap\"><a name=\"x-https://ig.opennz.org/CodeSystem/assistance-needs-cs-qse\"> </a>\u00a0\u00a0<a href=\"CodeSystem-assistance-needs-cs.html#assistance-needs-cs-qse\">qse</a></td><td>https://ig.opennz.org/CodeSystem/assistance-needs-cs</td><td>A quiet or low sensory environment</td></tr><tr><td style=\"white-space:nowrap\"><a name=\"x-https://ig.opennz.org/CodeSystem/assistance-needs-cs-msm\"> </a>\u00a0\u00a0<a href=\"CodeSystem-assistance-needs-cs.html#assistance-needs-cs-msm\">msm</a></td><td>https://ig.opennz.org/CodeSystem/assistance-needs-cs</td><td>More space to move around</td></tr></table></div>"
      },
      "url" : "https://ig.opennz.org/ValueSet/assistance-needs-vs",
      "version" : "0.1.0",
      "name" : "AssistanceNeedsValueSet",
      "title" : "Assistance Needs ValueSet",
      "status" : "draft",
      "experimental" : true,
      "date" : "2024-09-11T02:51:28+00:00",
      "expansion" : {
        "identifier" : "urn:uuid:a92e7d1f-c51d-482b-a08c-4aa219a9a1ae",
        "timestamp" : "2024-09-11T02:52:32+00:00",
        "total" : 6,
        "offset" : 0,
        "parameter" : [{
          "name" : "count",
          "valueInteger" : 1000
        },
        {
          "name" : "offset",
          "valueInteger" : 0
        },
        {
          "name" : "excludeNested",
          "valueBoolean" : false
        },
        {
          "name" : "used-codesystem",
          "valueUri" : "https://ig.opennz.org/CodeSystem/assistance-needs-cs|0.1.0"
        }],
        "contains" : [{
          "system" : "https://ig.opennz.org/CodeSystem/assistance-needs-cs",
          "code" : "171671000210109",
          "display" : "A New Zealand Sign Language interpreter"
        },
        {
          "system" : "https://ig.opennz.org/CodeSystem/assistance-needs-cs",
          "code" : "133920001",
          "display" : "Support to make decisions"
        },
        {
          "system" : "https://ig.opennz.org/CodeSystem/assistance-needs-cs",
          "code" : "amr",
          "display" : "Assistance to move around"
        },
        {
          "system" : "https://ig.opennz.org/CodeSystem/assistance-needs-cs",
          "code" : "lat",
          "display" : "A longer appointment time"
        },
        {
          "system" : "https://ig.opennz.org/CodeSystem/assistance-needs-cs",
          "code" : "qse",
          "display" : "A quiet or low sensory environment"
        },
        {
          "system" : "https://ig.opennz.org/CodeSystem/assistance-needs-cs",
          "code" : "msm",
          "display" : "More space to move around"
        }]
      }
    }
  }]
}