<?xml version="1.0" encoding="UTF-8"?>

<Patient xmlns="http://hl7.org/fhir">
  <id value="ZHI0010"/>
  <meta>
    <profile value="http://hl7.org/fhir/StructureDefinition/Patient"/>
  </meta>
  <text>
    <status value="generated"/><div xmlns="http://www.w3.org/1999/xhtml"><p class="res-header-id"><b>Generated Narrative: Patient ZHI0010</b></p><a name="ZHI0010"> </a><a name="hcZHI0010"> </a><a name="hcZHI0010-en-US"> </a><p style="border: 1px #661aff solid; background-color: #e6e6ff; padding: 10px;">Marieke Christabel  Female, DoB: 1987-08-06 ( https://standards.digital.health.nz/ns/nhi-id#ZHI0010 (use: official, ))</p><hr/><table class="grid"><tr><td style="background-color: #f3f5da" title="Ways to contact the Patient">Contact Detail</td><td colspan="3">219 Hunter Street, Whataupoko, LGisborne 4010, New Zealand(home)</td></tr></table></div>
  </text>
  <identifier>
    <use value="official"/>
    <system value="https://standards.digital.health.nz/ns/nhi-id"/>
    <value value="ZHI0010"/>
  </identifier>
  <name>
    <use value="usual"/>
    <family value="Christabel"/>
    <given value="Marieke"/>
  </name>
  <gender value="female"/>
  <birthDate value="1987-08-06"/>
  <address>
    <use value="home"/>
    <text value="219 Hunter Street, Whataupoko, LGisborne 4010, New Zealand"/>
    <line value="219 Hunter Street"/>
    <line value="Whataupoko"/>
    <city value="LGisborne"/>
    <postalCode value="4010"/>
    <country value="NZL"/>
  </address>
</Patient>