[
  {
    "id" : "AssistanceNeedsCapabilityStatement",
    "type" : "CapabilityStatement",
    "url" : "https://ig.opennz.org/CapabilityStatement/AssistanceNeedsCapabilityStatement",
    "version" : "0.1.0",
    "name" : "AssistanceNeedsCapabilityStatement"
  },
  {
    "id" : "MedicationRequestCapabilityStatement",
    "type" : "CapabilityStatement",
    "url" : "https://ig.opennz.org/CapabilityStatement/MedicationRequestCapabilityStatement",
    "version" : "0.1.0",
    "name" : "MedicationRequestCapabilityStatement"
  },
  {
    "id" : "assistance-needs-cs",
    "type" : "CodeSystem",
    "url" : "https://ig.opennz.org/CodeSystem/assistance-needs-cs",
    "version" : "0.1.0",
    "name" : "AssistanceNeedsCodeSystem"
  },
  {
    "id" : "fsh.ig",
    "type" : "ImplementationGuide",
    "url" : "https://ig.opennz.org/ImplementationGuide/fsh.ig",
    "version" : "0.1.0",
    "name" : "NewRepublicFHIRIG"
  },
  {
    "id" : "AssistanceNeedsQuestionnaire",
    "type" : "Questionnaire",
    "url" : "https://ig.opennz.org/Questionnaire/AssistanceNeedsQuestionnaire",
    "version" : "0.1.0",
    "name" : "DisabilityAssistanceQuestionnaire"
  },
  {
    "id" : "MedicationRequestQuestionnaire",
    "type" : "Questionnaire",
    "url" : "https://ig.opennz.org/Questionnaire/MedicationRequestQuestionnaire",
    "version" : "0.1.0"
  },
  {
    "id" : "assistance-needs-ext",
    "type" : "StructureDefinition",
    "url" : "https://ig.opennz.org/StructureDefinition/assistance-needs-ext",
    "version" : "0.1.0",
    "name" : "AssistanceNeedsExtension"
  },
  {
    "id" : "assistance-needs-profile",
    "type" : "StructureDefinition",
    "url" : "https://ig.opennz.org/StructureDefinition/assistance-needs-profile",
    "version" : "0.1.0",
    "name" : "AssistanceNeedsProfile"
  },
  {
    "id" : "assistance-needs-vs",
    "type" : "ValueSet",
    "url" : "https://ig.opennz.org/ValueSet/assistance-needs-vs",
    "version" : "0.1.0",
    "name" : "AssistanceNeedsValueSet"
  }
]
