<?xml version="1.0" encoding="UTF-8"?>

<CapabilityStatement xmlns="http://hl7.org/fhir">
  <id value="MedicationRequestCapabilityStatement"/>
  <text>
    <status value="extensions"/><div xmlns="http://www.w3.org/1999/xhtml"><p class="res-header-id"><b>Generated Narrative: CapabilityStatement MedicationRequestCapabilityStatement</b></p><a name="MedicationRequestCapabilityStatement"> </a><a name="hcMedicationRequestCapabilityStatement"> </a><a name="hcMedicationRequestCapabilityStatement-en-US"> </a><h2 id="title">API for Medication Summary</h2><ul><li>Implementation Guide Version: 0.1.0 </li><li>FHIR Version: 4.3.0 </li><li>Supported Formats: <code>json</code></li><li>Supported Patch Formats: </li><li>Published on: 2023-10-19 </li><li>Published by: FHIR New Republic </li></ul><blockquote class="impl-note"><p><strong>Note to Implementers: FHIR Capabilities</strong></p><p>Any FHIR capability may be 'allowed' by the system unless explicitly marked as 'SHALL NOT'. A few items are marked as MAY in the Implementation Guide to highlight their potential relevance to the use case.</p></blockquote><h2 id="rest">FHIR RESTful Capabilities</h2><div class="panel panel-default"><div class="panel-heading"><h3 id="mode1" class="panel-title">Mode: <code>server</code></h3></div><div class="panel-body"><div class="lead"><em>Security</em></div><div class="row"><div class="col-lg-6">Enable CORS: yes</div><div class="col-lg-6">Security services supported: <code>OAuth</code></div></div><div class="lead"><em>Summary of System-wide Interactions</em></div><ul><li>Supports the <code>transaction</code>interaction.</li></ul></div></div><h3 id="resourcesCap1">Capabilities by Resource/Profile</h3><h4 id="resourcesSummary1">Summary</h4><p>The summary table lists the resources that are part of this configuration, and for each resource it lists:</p><ul><li>The relevant profiles (if any)</li><li>The interactions supported by each resource (<b><span class="bg-info">R</span></b>ead, <b><span class="bg-info">S</span></b>earch, <b><span class="bg-info">U</span></b>pdate, and <b><span class="bg-info">C</span></b>reate, are always shown, while <b><span class="bg-info">VR</span></b>ead, <b><span class="bg-info">P</span></b>atch, <b><span class="bg-info">D</span></b>elete, <b><span class="bg-info">H</span></b>istory on <b><span class="bg-info">I</span></b>nstance, or <b><span class="bg-info">H</span></b>istory on <b><span class="bg-info">T</span></b>ype are only present if at least one of the resources has support for them.</li><li><span>The required, recommended, and some optional search parameters (if any). </span></li><li>The linked resources enabled for <code>_include</code></li><li>The other resources enabled for <code>_revinclude</code></li><li>The operations on the resource (if any)</li></ul><div class="table-responsive"><table class="table table-condensed table-hover"><thead><tr><th><b>Resource Type</b></th><th><b>Profile</b></th><th class="text-center"><b title="GET a resource (read interaction)">R</b></th><th class="text-center"><b title="GET past versions of resources (vread interaction)">V-R</b></th><th class="text-center"><b title="GET all set of resources of the type (search interaction)">S</b></th><th class="text-center"><b title="PUT a new resource version (update interaction)">U</b></th><th class="text-center"><b title="POST a new resource (create interaction)">C</b></th><th><b title="Required and recommended search parameters">Searches</b></th><th><code><b>_include</b></code></th><th><code><b>_revinclude</b></code></th><th><b>Operations</b></th></tr></thead><tbody><tr><td><a href="#MedicationRequest1-1">MedicationRequest</a></td><td> </td><td>y</td><td class="text-center">y</td><td class="text-center">y</td><td class="text-center"></td><td class="text-center"></td><td>patient, authoredon</td><td/><td/><td/></tr></tbody></table></div><hr/><div class="panel panel-default"><div class="panel-heading"><h4 id="MedicationRequest1-1" class="panel-title"><span style="float: right;">Resource Conformance: supported </span>MedicationRequest</h4></div><div class="panel-body"><div class="container"><div class="row"><div class="col-lg-4"><span class="lead">Core FHIR Resource</span><br/><a href="http://hl7.org/fhir/R4B/medicationrequest.html">MedicationRequest</a></div><div class="col-lg-4"><span class="lead">Reference Policy</span><br/></div><div class="col-lg-4"><span class="lead">Interaction summary</span><br/><ul><li>Supports <code>read</code>, <code>vread</code>, <code>search-type</code>.</li></ul></div></div><p/><p/><div class="row"><div class="col-12"><span class="lead">Documentation</span><blockquote><div><p>This server supports one profile in addition to the base FHIR MedicationRequest resource.</p>
</div></blockquote></div></div><div class="row"><div class="col-lg-7"><span class="lead">Search Parameters</span><table class="table table-condensed table-hover"><thead><tr><th>Conformance</th><th>Parameter</th><th>Type</th><th>Documentation</th></tr></thead><tbody><tr><td><b>SHALL</b></td><td><a href="http://hl7.org/fhir/R4B/medicationrequest.html#search">patient</a></td><td><code>reference</code></td><td><div><p>Patient with Prescribed Medication</p>
</div></td></tr><tr><td><b>SHALL</b></td><td><a href="http://hl7.org/fhir/R4B/medicationrequest.html#search">authoredon</a></td><td><code>date</code></td><td><div><p>When Medication Prescribed</p>
</div></td></tr></tbody></table></div><div class="col-lg-5"> </div></div></div></div></div></div>
  </text>
  <url value="https://ig.opennz.org/CapabilityStatement/MedicationRequestCapabilityStatement"/>
  <version value="0.1.0"/>
  <name value="MedicationRequestCapabilityStatement"/>
  <title value="API for Medication Summary"/>
  <status value="active"/>
  <date value="2023-10-19"/>
  <publisher value="FHIR New Republic"/>
  <contact>
    <name value="FHIR New Republic"/>
    <telecom>
      <system value="url"/>
      <value value="https://ig.opennz.org"/>
    </telecom>
  </contact>
  <description value="Search for Prescribed Medication"/>
  <kind value="instance"/>
  <implementation>
    <description value="Canonical Based Examples"/>
    <url value="https://hapi.fhir.org/baseR4B"/>
  </implementation>
  <fhirVersion value="4.3.0"/>
  <format value="json"/>
  <rest>
    <mode value="server"/>
    <security>
      <extension url="http://fhir-registry.smarthealthit.org/StructureDefinition/oauth-uris">
        <extension url="token">
          <valueUri value="https://example.org/oauth2/token"/>
        </extension>
        <extension url="authorize">
          <valueUri value="https://example.org/oauth2/authorize"/>
        </extension>
      </extension>
      <cors value="true"/>
      <service>
        <coding>
          <system value="http://terminology.hl7.org/CodeSystem/restful-security-service"/>
          <code value="OAuth"/>
        </coding>
      </service>
    </security>
    <resource>
      <type value="MedicationRequest"/>
      <documentation value="&#xA;This server supports one profile in addition to the base FHIR MedicationRequest resource.&#xA;"/>
      <interaction>
        <code value="read"/>
      </interaction>
      <interaction>
        <code value="vread"/>
      </interaction>
      <interaction>
        <code value="search-type"/>
      </interaction>
      <versioning value="versioned"/>
      <readHistory value="false"/>
      <updateCreate value="false"/>
      <conditionalCreate value="false"/>
      <conditionalRead value="not-supported"/>
      <conditionalUpdate value="false"/>
      <conditionalDelete value="not-supported"/>
      <searchParam>
        <name value="patient"/>
        <definition value="http://hl7.org/fhir/SearchParameter/clinical-patient"/>
        <type value="reference"/>
        <documentation value="Patient with Prescribed Medication"/>
      </searchParam>
      <searchParam>
        <name value="authoredon"/>
        <definition value="http://hl7.org/fhir/SearchParameter/MedicationRequest-authoredon"/>
        <type value="date"/>
        <documentation value="When Medication Prescribed"/>
      </searchParam>
    </resource>
    <interaction>
      <code value="transaction"/>
    </interaction>
  </rest>
</CapabilityStatement>