<?xml version="1.0" encoding="UTF-8"?>

<Bundle xmlns="http://hl7.org/fhir">
  <id value="0cc53a16-a6dd-4975-b88f-60bf7f7f1818"/>
  <meta>
    <lastUpdated value="2024-07-11T08:33:43.607+00:00"/>
  </meta>
  <type value="collection"/>
  <entry>
    <fullUrl value="https://ig.opennz.org/ValueSet/assistance-needs-vs"/>
    <resource>
      <ValueSet>
        <text>
          <status value="generated"/>
          <div xmlns="http://www.w3.org/1999/xhtml">
            <p class="res-header-id">
              <b>Generated Narrative: ValueSet </b>
            </p>
            <p style="border: black 1px dotted; background-color: #EEEEEE; padding: 8px; margin-bottom: 8px">Expansion based on 
              <a href="CodeSystem-assistance-needs-cs.html">codesystem Assistance Code System v0.1.0 (CodeSystem)</a>
            </p>
            <p>This value set contains 6 concepts</p>
            <table class="codes">
              <tr>
                <td style="white-space:nowrap">
                  <b>Code</b>
                </td>
                <td>
                  <b>System</b>
                </td>
                <td>
                  <b>Display</b>
                </td>
              </tr>
              <tr>
                <td style="white-space:nowrap">
                  <a name="null-x-https---ig.opennz.org-CodeSystem-assistance-needs-cs-171671000210109"> </a>  
                  <a href="CodeSystem-assistance-needs-cs.html#assistance-needs-cs-171671000210109">171671000210109</a>
                </td>
                <td>https://ig.opennz.org/CodeSystem/assistance-needs-cs</td>
                <td>A New Zealand Sign Language interpreter</td>
              </tr>
              <tr>
                <td style="white-space:nowrap">
                  <a name="null-x-https---ig.opennz.org-CodeSystem-assistance-needs-cs-133920001"> </a>  
                  <a href="CodeSystem-assistance-needs-cs.html#assistance-needs-cs-133920001">133920001</a>
                </td>
                <td>https://ig.opennz.org/CodeSystem/assistance-needs-cs</td>
                <td>Support to make decisions</td>
              </tr>
              <tr>
                <td style="white-space:nowrap">
                  <a name="null-x-https---ig.opennz.org-CodeSystem-assistance-needs-cs-amr"> </a>  
                  <a href="CodeSystem-assistance-needs-cs.html#assistance-needs-cs-amr">amr</a>
                </td>
                <td>https://ig.opennz.org/CodeSystem/assistance-needs-cs</td>
                <td>Assistance to move around</td>
              </tr>
              <tr>
                <td style="white-space:nowrap">
                  <a name="null-x-https---ig.opennz.org-CodeSystem-assistance-needs-cs-lat"> </a>  
                  <a href="CodeSystem-assistance-needs-cs.html#assistance-needs-cs-lat">lat</a>
                </td>
                <td>https://ig.opennz.org/CodeSystem/assistance-needs-cs</td>
                <td>A longer appointment time</td>
              </tr>
              <tr>
                <td style="white-space:nowrap">
                  <a name="null-x-https---ig.opennz.org-CodeSystem-assistance-needs-cs-qse"> </a>  
                  <a href="CodeSystem-assistance-needs-cs.html#assistance-needs-cs-qse">qse</a>
                </td>
                <td>https://ig.opennz.org/CodeSystem/assistance-needs-cs</td>
                <td>A quiet or low sensory environment</td>
              </tr>
              <tr>
                <td style="white-space:nowrap">
                  <a name="null-x-https---ig.opennz.org-CodeSystem-assistance-needs-cs-msm"> </a>  
                  <a href="CodeSystem-assistance-needs-cs.html#assistance-needs-cs-msm">msm</a>
                </td>
                <td>https://ig.opennz.org/CodeSystem/assistance-needs-cs</td>
                <td>More space to move around</td>
              </tr>
            </table>
          </div>
        </text>
        <url value="https://ig.opennz.org/ValueSet/assistance-needs-vs"/>
        <version value="0.1.0"/>
        <name value="AssistanceNeedsValueSet"/>
        <title value="Assistance Needs ValueSet"/>
        <status value="draft"/>
        <experimental value="true"/>
        <date value="2024-07-11T08:33:43+00:00"/>
        <expansion>
          <identifier value="urn:uuid:0d35e7c8-a216-41dd-b26e-d37706b96d8a"/>
          <timestamp value="2024-07-11T08:34:26+00:00"/>
          <total value="6"/>
          <offset value="0"/>
          <parameter>
            <name value="count"/>
            <valueInteger value="1000"/>
          </parameter>
          <parameter>
            <name value="offset"/>
            <valueInteger value="0"/>
          </parameter>
          <parameter>
            <name value="excludeNested"/>
            <valueBoolean value="false"/>
          </parameter>
          <parameter>
            <name value="used-codesystem"/>
            <valueUri value="https://ig.opennz.org/CodeSystem/assistance-needs-cs|0.1.0"/>
          </parameter>
          <contains>
            <system value="https://ig.opennz.org/CodeSystem/assistance-needs-cs"/>
            <code value="171671000210109"/>
            <display value="A New Zealand Sign Language interpreter"/>
          </contains>
          <contains>
            <system value="https://ig.opennz.org/CodeSystem/assistance-needs-cs"/>
            <code value="133920001"/>
            <display value="Support to make decisions"/>
          </contains>
          <contains>
            <system value="https://ig.opennz.org/CodeSystem/assistance-needs-cs"/>
            <code value="amr"/>
            <display value="Assistance to move around"/>
          </contains>
          <contains>
            <system value="https://ig.opennz.org/CodeSystem/assistance-needs-cs"/>
            <code value="lat"/>
            <display value="A longer appointment time"/>
          </contains>
          <contains>
            <system value="https://ig.opennz.org/CodeSystem/assistance-needs-cs"/>
            <code value="qse"/>
            <display value="A quiet or low sensory environment"/>
          </contains>
          <contains>
            <system value="https://ig.opennz.org/CodeSystem/assistance-needs-cs"/>
            <code value="msm"/>
            <display value="More space to move around"/>
          </contains>
        </expansion>
      </ValueSet>
    </resource>
  </entry>
</Bundle>