{
  "resourceType" : "OperationDefinition",
  "id" : "VersionOperation",
  "text" : {
    "status" : "generated",
    "div" : "<div xmlns=\"http://www.w3.org/1999/xhtml\"><p class=\"res-header-id\"><b>Generated Narrative: OperationDefinition VersionOperation</b></p><a name=\"VersionOperation\"> </a><a name=\"hcVersionOperation\"> </a><a name=\"VersionOperation-en-US\"> </a><p>URL: [base]/$version</p><h3>Parameters</h3><table class=\"grid\"><tr><td><b>Use</b></td><td><b>Name</b></td><td><b>Scope</b></td><td><b>Cardinality</b></td><td><b>Type</b></td><td><b>Binding</b></td><td><b>Documentation</b></td></tr><tr><td>OUT</td><td>return</td><td/><td>1..1</td><td><a href=\"http://hl7.org/fhir/R4B/operationoutcome.html\">OperationOutcome</a></td><td/><td><div><p>Result of the version operation.</p>\n</div></td></tr></table></div>"
  },
  "url" : "https://ig.opennz.org/OperationDefinition/VersionOperation",
  "version" : "1.2.0",
  "name" : "$version",
  "title" : "Retrieve Release ID and Component Semver",
  "status" : "draft",
  "kind" : "operation",
  "date" : "2024-11-28T22:16:49+00:00",
  "publisher" : "Open Standards NZ",
  "contact" : [{
    "name" : "Open Standards NZ",
    "telecom" : [{
      "system" : "url",
      "value" : "https://opennz.org"
    }]
  }],
  "code" : "version",
  "system" : true,
  "type" : false,
  "instance" : false,
  "parameter" : [{
    "name" : "return",
    "use" : "out",
    "min" : 1,
    "max" : "1",
    "documentation" : "Result of the version operation.",
    "type" : "OperationOutcome"
  }]
}