{
  "package": "fsh.ig",
  "version": "1.2.0",
  "fhirVersion": "4.3.0",
  "extensions": [
    {
      "url": "https://ig.opennz.org/StructureDefinition/assistance-needs-ext",
      "title": "Assistance Needs",
      "types": [
        "CodeableConcept"
      ]
    }
  ],
  "profiles": {
    "Patient": [
      {
        "url": "https://ig.opennz.org/StructureDefinition/PatientProfile",
        "title": "PatientProfile"
      }
    ],
    "Condition": [
      {
        "url": "https://ig.opennz.org/StructureDefinition/assistance-needs-profile",
        "title": "Assistance Needs Profle"
      }
    ]
  },
  "usage": {
    "http://hl7.org.nz/fhir/StructureDefinition/acc-patient-occupation": [
      "Patient"
    ],
    "http://hl7.org.nz/fhir/StructureDefinition/dhb": [
      "Patient"
    ],
    "http://hl7.org.nz/fhir/StructureDefinition/domicile-code": [
      "Patient"
    ],
    "http://hl7.org.nz/fhir/StructureDefinition/gender-original-text": [
      "Patient.gender"
    ],
    "http://hl7.org.nz/fhir/StructureDefinition/information-source": [
      "Patient.birthDate",
      "Patient.deceased[x]",
      "Patient.name"
    ],
    "http://hl7.org.nz/fhir/StructureDefinition/messaging-address": [
      "Patient"
    ],
    "http://hl7.org.nz/fhir/StructureDefinition/nz-citizenship": [
      "Patient"
    ],
    "http://hl7.org.nz/fhir/StructureDefinition/nz-ethnicity": [
      "Patient"
    ],
    "http://hl7.org.nz/fhir/StructureDefinition/nz-iwi": [
      "Patient"
    ],
    "http://hl7.org.nz/fhir/StructureDefinition/nz-residency": [
      "Patient"
    ],
    "http://hl7.org.nz/fhir/StructureDefinition/pho": [
      "Patient"
    ],
    "http://hl7.org.nz/fhir/StructureDefinition/sex-at-birth": [
      "Patient"
    ],
    "http://hl7.org/fhir/StructureDefinition/elementdefinition-bestpractice": [
      "StructureDefinition.snapshot.element.constraint"
    ],
    "http://hl7.org/fhir/StructureDefinition/elementdefinition-bestpractice-explanation": [
      "StructureDefinition.snapshot.element.constraint"
    ],
    "http://hl7.org/fhir/StructureDefinition/elementdefinition-bindingName": [
      "StructureDefinition.snapshot.element.binding"
    ],
    "http://hl7.org/fhir/StructureDefinition/elementdefinition-maxValueSet": [
      "StructureDefinition.snapshot.element.binding"
    ],
    "http://hl7.org/fhir/StructureDefinition/patient-interpreterRequired": [
      "Patient"
    ],
    "http://hl7.org/fhir/StructureDefinition/questionnaire-hidden": [
      "Questionnaire.item.item"
    ],
    "http://hl7.org/fhir/StructureDefinition/questionnaire-itemControl": [
      "Questionnaire.item.item"
    ],
    "http://hl7.org/fhir/StructureDefinition/regex": [
      "StructureDefinition.snapshot.element.type"
    ],
    "http://hl7.org/fhir/StructureDefinition/structuredefinition-fhir-type": [
      "StructureDefinition.snapshot.element.type"
    ],
    "http://hl7.org/fhir/StructureDefinition/structuredefinition-hierarchy": [
      "StructureDefinition.snapshot.element.type"
    ],
    "http://hl7.org/fhir/tools/StructureDefinition/ig-internal-dependency": [
      "ImplementationGuide.definition"
    ],
    "http://hl7.org/fhir/tools/StructureDefinition/ig-parameter": [
      "ImplementationGuide.definition"
    ],
    "http://hl7.org/fhir/tools/StructureDefinition/implementationguide-dependency-comment": [
      "ImplementationGuide.dependsOn"
    ],
    "http://hl7.org/fhir/tools/StructureDefinition/resource-information": [
      "ImplementationGuide.definition.resource"
    ],
    "https://fhir-ig.digital.health.nz/hnz-digital-tooling/StructureDefinition/resource-metadata-extension": [
      "CapabilityStatement"
    ],
    "https://ig.opennz.org/StructureDefinition/assistance-needs-ext": [
      "Condition"
    ]
  }
}