{
  "package": "fsh.ig",
  "version": "0.1.0",
  "fhirVersion": "4.3.0",
  "extensions": [
    {
      "url": "https://ig.opennz.org/StructureDefinition/assistance-needs-ext",
      "title": "Assistance Needs",
      "types": [
        "CodeableConcept"
      ]
    }
  ],
  "profiles": {
    "Condition": [
      {
        "url": "https://ig.opennz.org/StructureDefinition/assistance-needs-profile",
        "title": "Assistance Needs Profle"
      }
    ]
  },
  "usage": {
    "http://fhir-registry.smarthealthit.org/StructureDefinition/oauth-uris": [
      "CapabilityStatement.rest.security"
    ],
    "http://hl7.org/fhir/StructureDefinition/elementdefinition-bestpractice": [
      "StructureDefinition.snapshot.element.constraint"
    ],
    "http://hl7.org/fhir/StructureDefinition/elementdefinition-bestpractice-explanation": [
      "StructureDefinition.snapshot.element.constraint"
    ],
    "http://hl7.org/fhir/StructureDefinition/elementdefinition-bindingName": [
      "StructureDefinition.snapshot.element.binding"
    ],
    "http://hl7.org/fhir/StructureDefinition/elementdefinition-maxValueSet": [
      "StructureDefinition.snapshot.element.binding"
    ],
    "http://hl7.org/fhir/StructureDefinition/questionnaire-hidden": [
      "Questionnaire.item.item"
    ],
    "http://hl7.org/fhir/StructureDefinition/questionnaire-itemControl": [
      "Questionnaire.item.item"
    ],
    "http://hl7.org/fhir/StructureDefinition/structuredefinition-fhir-type": [
      "StructureDefinition.snapshot.element.type"
    ],
    "http://hl7.org/fhir/tools/StructureDefinition/ig-internal-dependency": [
      "ImplementationGuide.definition"
    ],
    "http://hl7.org/fhir/tools/StructureDefinition/ig-parameter": [
      "ImplementationGuide.definition"
    ],
    "http://hl7.org/fhir/tools/StructureDefinition/implementationguide-dependency-comment": [
      "ImplementationGuide.dependsOn"
    ],
    "http://hl7.org/fhir/tools/StructureDefinition/resource-information": [
      "ImplementationGuide.definition.resource"
    ],
    "https://ig.opennz.org/StructureDefinition/assistance-needs-ext": [
      "Condition"
    ]
  }
}