{"resourceType":"CodeSystem","id":"assistance-needs-cs","text":{"status":"generated","div":"<div xmlns=\"http://www.w3.org/1999/xhtml\"><p class=\"res-header-id\"><b>Generated Narrative: CodeSystem assistance-needs-cs</b></p><a name=\"assistance-needs-cs\"> </a><a name=\"hcassistance-needs-cs\"> </a><a name=\"assistance-needs-cs-en-US\"> </a><p>This case-sensitive code system <code>https://ig.opennz.org/CodeSystem/assistance-needs-cs</code> defines the following codes:</p><table class=\"codes\"><tr><td style=\"white-space:nowrap\"><b>Code</b></td><td><b>Display</b></td></tr><tr><td style=\"white-space:nowrap\">171671000210109<a name=\"assistance-needs-cs-171671000210109\"> </a></td><td>A New Zealand Sign Language interpreter</td></tr><tr><td style=\"white-space:nowrap\">133920001<a name=\"assistance-needs-cs-133920001\"> </a></td><td>Support to make decisions</td></tr><tr><td style=\"white-space:nowrap\">amr<a name=\"assistance-needs-cs-amr\"> </a></td><td>Assistance to move around</td></tr><tr><td style=\"white-space:nowrap\">lat<a name=\"assistance-needs-cs-lat\"> </a></td><td>A longer appointment time</td></tr><tr><td style=\"white-space:nowrap\">qse<a name=\"assistance-needs-cs-qse\"> </a></td><td>A quiet or low sensory environment</td></tr><tr><td style=\"white-space:nowrap\">msm<a name=\"assistance-needs-cs-msm\"> </a></td><td>More space to move around</td></tr></table></div>"},"url":"https://ig.opennz.org/CodeSystem/assistance-needs-cs","version":"1.2.0","name":"AssistanceNeedsCodeSystem","title":"Assistance Code System","status":"active","experimental":true,"date":"2024-11-28T22:16:49+00:00","publisher":"Open Standards NZ","contact":[{"name":"Open Standards NZ","telecom":[{"system":"url","value":"https://opennz.org"}]}],"description":"Appointment Assistance Needs.","purpose":"List of supported assistance needs.","caseSensitive":true,"content":"complete","count":6,"concept":[{"code":"171671000210109","display":"A New Zealand Sign Language interpreter"},{"code":"133920001","display":"Support to make decisions"},{"code":"amr","display":"Assistance to move around"},{"code":"lat","display":"A longer appointment time"},{"code":"qse","display":"A quiet or low sensory environment"},{"code":"msm","display":"More space to move around"}]}