<?xml version="1.0" encoding="UTF-8"?><CapabilityStatement xmlns="http://hl7.org/fhir"><id value="PatientSummaryCapabilityStatement"/><meta><profile value="https://fhir-ig.digital.health.nz/hnz-digital-tooling/StructureDefinition/hnz-capability-statement"/></meta><text><status value="extensions"/><div xmlns="http://www.w3.org/1999/xhtml"><p class="res-header-id"><b>Generated Narrative: CapabilityStatement PatientSummaryCapabilityStatement</b></p><a name="PatientSummaryCapabilityStatement"> </a><a name="hcPatientSummaryCapabilityStatement"> </a><a name="PatientSummaryCapabilityStatement-en-US"> </a><h2 id="title">Patient Summary</h2><ul><li>Implementation Guide Version: 0.1.0 </li><li>FHIR Version: 4.0.1 </li><li>Supported Formats: <code>json</code></li><li>Supported Patch Formats: </li><li>Published on: 2024-05-03 </li><li>Published by: Open Standards NZ </li></ul><blockquote class="impl-note"><p><strong>Note to Implementers: FHIR Capabilities</strong></p><p>Any FHIR capability may be 'allowed' by the system unless explicitly marked as 'SHALL NOT'. A few items are marked as MAY in the Implementation Guide to highlight their potential relevance to the use case.</p></blockquote><h2 id="rest">FHIR RESTful Capabilities</h2><div class="panel panel-default"><div class="panel-heading"><h3 id="mode1" class="panel-title">Mode: <code>server</code></h3></div><div class="panel-body"><div class="lead"><em>Summary of System-wide Interactions</em></div><ul><li>Supports the <code>transaction</code>interaction.</li></ul></div></div><h3 id="resourcesCap1">Capabilities by Resource/Profile</h3><h4 id="resourcesSummary1">Summary</h4><p>The summary table lists the resources that are part of this configuration, and for each resource it lists:</p><ul><li>The relevant profiles (if any)</li><li>The interactions supported by each resource (<b><span class="bg-info">R</span></b>ead, <b><span class="bg-info">S</span></b>earch, <b><span class="bg-info">U</span></b>pdate, and <b><span class="bg-info">C</span></b>reate, are always shown, while <b><span class="bg-info">VR</span></b>ead, <b><span class="bg-info">P</span></b>atch, <b><span class="bg-info">D</span></b>elete, <b><span class="bg-info">H</span></b>istory on <b><span class="bg-info">I</span></b>nstance, or <b><span class="bg-info">H</span></b>istory on <b><span class="bg-info">T</span></b>ype are only present if at least one of the resources has support for them.</li><li><span>The required, recommended, and some optional search parameters (if any). </span></li><li>The linked resources enabled for <code>_include</code></li><li>The other resources enabled for <code>_revinclude</code></li><li>The operations on the resource (if any)</li></ul><div class="table-responsive"><table class="table table-condensed table-hover"><thead><tr><th><b>Resource Type</b></th><th><b>Profile</b></th><th class="text-center"><b title="GET a resource (read interaction)">R</b></th><th class="text-center"><b title="GET past versions of resources (vread interaction)">V-R</b></th><th class="text-center"><b title="GET all set of resources of the type (search interaction)">S</b></th><th class="text-center"><b title="PUT a new resource version (update interaction)">U</b></th><th class="text-center"><b title="POST a new resource (create interaction)">C</b></th><th><b title="Required and recommended search parameters">Searches</b></th><th><code><b>_include</b></code></th><th><code><b>_revinclude</b></code></th><th><b>Operations</b></th></tr></thead><tbody><tr><td><a href="#Condition1-1">Condition</a></td><td>https://ig.opennz.org/StructureDefinition/PatientProfile|0.0.1</td><td class="text-center">y</td><td class="text-center">y</td><td class="text-center">y</td><td class="text-center"></td><td class="text-center"></td><td>patient</td><td/><td/><td/></tr></tbody></table></div><hr/><div class="panel panel-default"><div class="panel-heading"><h4 id="Condition1-1" class="panel-title"><span style="float: right;">Resource Conformance: supported </span>Condition</h4></div><div class="panel-body"><div class="container"><div class="row"><div class="col-lg-6"><span class="lead">Base System Profile</span><br/><code>https://ig.opennz.org/StructureDefinition/PatientProfile|0.0.1</code></div><div class="col-lg-3"><span class="lead">Profile Conformance</span><br/><b>SHALL</b></div><div class="col-lg-3"><span class="lead">Reference Policy</span><br/></div></div><p/><div class="row"><div class="col-lg-6"><span class="lead">Interaction summary</span><br/><ul><li>Supports <code>read</code>, <code>vread</code>, <code>search-type</code>.</li></ul></div></div><p/><div class="row"><div class="col-12"><span class="lead">Documentation</span><blockquote><div><p>Retrieve a summary of patient conditions, immunizations &amp; medical alerts.</p>
</div></blockquote></div></div><div class="row"><div class="col-lg-7"><span class="lead">Search Parameters</span><table class="table table-condensed table-hover"><thead><tr><th>Conformance</th><th>Parameter</th><th>Type</th><th>Documentation</th></tr></thead><tbody><tr><td><b>SHALL</b></td><td><a href="http://hl7.org/fhir/R4/condition.html#search">patient</a></td><td><code>reference</code></td><td><div><p>Who has the assistance need?</p>
</div></td></tr></tbody></table></div><div class="col-lg-5"> </div></div></div></div></div></div></text><extension url="https://fhir-ig.digital.health.nz/hnz-digital-tooling/StructureDefinition/resource-metadata-extension"><extension url="licenseURL"><valueUri value="https://example.license.org"/></extension><extension url="externalDocs"><valueUri value="https://docs.example.com/fhir"/></extension><extension url="licenseName"><valueString value="GPLv3"/></extension><extension url="globalHeaders"><extension url="https://fhir-ig.digital.health.nz/hnz-digital-tooling/StructureDefinition/custom-headers-extension"><extension url="key"><valueString value="Correlation-Id"/></extension><extension url="value"><valueUri value="https://raw.githubusercontent.com/tewhatuora/schemas/main/fhir-definitions-oas/uuid-definition.json"/></extension><extension url="required"><valueBoolean value="true"/></extension></extension></extension></extension><url value="https://ig.opennz.org/CapabilityStatement/PatientSummaryCapabilityStatement"/><version value="0.1.0"/><name value="PatientSummaryCapabilityStatement"/><title value="Patient Summary"/><status value="draft"/><date value="2024-05-03"/><publisher value="Open Standards NZ"/><contact><name value="Open Standards NZ"/><telecom><system value="url"/><value value="https://ig.opennz.org"/></telecom></contact><description value="Patient Summary Operations"/><copyright value="Creative Commons Zero v1.0 Universal"/><kind value="instance"/><implementation><description value="Patient Summary"/><url value="https://server.fire.ly/r4"/></implementation><fhirVersion value="4.0.1"/><format value="json"/><rest><mode value="server"/><resource><type value="Condition"/><profile value="https://ig.opennz.org/StructureDefinition/PatientProfile|0.0.1"/><documentation value="Retrieve a summary of patient conditions, immunizations &amp; medical alerts."/><interaction><code value="read"/></interaction><interaction><code value="vread"/></interaction><interaction><code value="search-type"/></interaction><versioning value="versioned"/><readHistory value="false"/><updateCreate value="false"/><conditionalCreate value="false"/><conditionalRead value="not-supported"/><conditionalUpdate value="false"/><conditionalDelete value="not-supported"/><searchParam><name value="patient"/><definition value="http://hl7.org/fhir/SearchParameter/clinical-patient"/><type value="reference"/><documentation value="Who has the assistance need?"/></searchParam></resource><interaction><code value="transaction"/></interaction></rest></CapabilityStatement>